band,day,stage,genre,location,time,must_see,metal_archives,notes
Organ Dealer,"Wednesday May 20, 2026",Nevermore Hall,Grindcore,United States,06:45-07:20,2,https://www.metal-archives.com/bands/Organ_Dealer/3540386273,
Monstrosity,"Wednesday May 20, 2026",Nevermore Hall,Death Metal,United States,07:45-08:35,3,https://www.metal-archives.com/bands/Monstrosity/893,
Sinister,"Wednesday May 20, 2026",Nevermore Hall,Death Metal,Netherlands,09:00-09:50,2,https://www.metal-archives.com/bands/Sinister/998,Lovecraftian Themes
Repulsion,"Wednesday May 20, 2026",Nevermore Hall,Grindcore/Death Metal,United States,10:15-11:00,3,https://www.metal-archives.com/bands/Repulsion/1120,
Napalm Death,"Wednesday May 20, 2026",Nevermore Hall,Hardcore punk (early); Grindcore/Death Metal (later),United Kingdom,11:25-12:25,2,https://www.metal-archives.com/bands/Napalm_Death/219,
Cerebral Hemorrhage,"Thursday May 21, 2026",Soundstage,Brutal Death Metal,United States,04:30-05:05,3,https://www.metal-archives.com/bands/Cerebral_Hemorrhage/3521,
Black Lung,"Thursday May 21, 2026",Nevermore Hall,Psychedlic Doom,United States,05:00-05:35,3,https://www.metal-archives.com/bands/Black_Lung/3540411086,
Emasculator,"Thursday May 21, 2026",Soundstage,Brutal Death Metal,International,05:40-06:25,3,https://www.metal-archives.com/bands/Emasculator/3540509792,All ladies band
Lair of the Minotaur,"Thursday May 21, 2026",Nevermore Hall,Thrash/Doom/Sludge Metal,United States,06:30-07:15,3,https://www.metal-archives.com/bands/Lair_of_the_Minotaur/21849,
Bongripper,"Thursday May 21, 2026",Power Plant Live,,,07:15-08:00,,,
Condemned,"Thursday May 21, 2026",Soundstage,Brutal Death Metal,United States,07:20-08:00,3,https://www.metal-archives.com/bands/Condemned/60495,
Avernus,"Thursday May 21, 2026",Nevermore Hall,Sludge/Death/Gothic Metal,United States,08:05-08:50,2,https://www.metal-archives.com/bands/Avernus/649,Booty Shakeable 
Novembers Doom,"Thursday May 21, 2026",Power Plant Live,Melodic Doom/Death Metal,United States,08:45-09:30,2,https://www.metal-archives.com/bands/Novembers_Doom/288,Nephilim Grove is a killer song. Album art  
Cephalotripsy,"Thursday May 21, 2026",Soundstage,Slam/Brutal Death,United States,08:50-09:30,2,https://www.metal-archives.com/bands/Cephalotripsy/60559,"filthy sloppy ass snare drum noise, ping ping vomit"
Rwake,"Thursday May 21, 2026",Nevermore Hall,Sludge/Doom/Stoner,United States,09:25-10:25,3,https://www.metal-archives.com/bands/Rwake/9299,
Solitude Aeturnus,"Thursday May 21, 2026",Power Plant Live,Epic Doom Metal,United States,10:30-11:30,3,https://www.metal-archives.com/bands/Solitude_Aeturnus/256,
Putridity,"Thursday May 21, 2026",Soundstage,Brutal Death Metal,Italy,11:00-11:45,3,https://www.metal-archives.com/bands/Putridity/92948,
Bongzilla,"Thursday May 21, 2026",Nevermore Hall,Sludge/Doom/Stoner,,11:45-12:35,2,https://www.metal-archives.com/bands/Bongzilla/6782,666lb. Bongsession
Torsofuck,"Thursday May 21, 2026",Soundstage,Slam/Brutal Death,Finland,12:20-01:05,2,https://www.metal-archives.com/bands/Torsofuck/7390,ping 🤮ping 🤮ping 🤮ping 🤮ping 🤮
Witch Vomit,"Friday May 22, 2026",Market Place,Death Metal,United States,03:45-04:20,1,https://www.metal-archives.com/bands/Witch_Vomit/3540363162,
Ordh,"Friday May 22, 2026",Soundstage,,,04:20-04:50,,,
Necrofier,"Friday May 22, 2026",Market Place,Melodic Death Metal,United States,04:40-05:20,2,https://www.metal-archives.com/bands/Necrofier/3540447967,
Lömsk,"Friday May 22, 2026",Nevermore Hall,Black Metal,Sweden,05:15-06:00,1,https://www.metal-archives.com/bands/L%C3%B6msk/3540553520,
Melting Rot,"Friday May 22, 2026",Soundstage,Grindcore,United States,05:25-05:55,2,https://www.metal-archives.com/bands/Melting_Rot/3540432264,
God Dethroned 35th Anniversary,"Friday May 22, 2026",Market Place,Blackened Death Metal,Netherlands,05:55-06:45,2,https://www.metal-archives.com/bands/God_Dethroned/242,Christian metal
Left Cross,"Friday May 22, 2026",Power Plant Live,,,06:50-07:35,,,
Diabolic Oath,"Friday May 22, 2026",Soundstage,Black/Death Metal,United States,06:50-07:25,2,https://www.metal-archives.com/bands/Diabolic_Oath/3540439298,
Pan-Amerikan Native Front,"Friday May 22, 2026",Nevermore Hall,Black Metal,United States,06:55-07:40,1,https://www.metal-archives.com/bands/Pan-Amerikan_Native_Front/3540417829,
Rotting Christ 1989-1995,"Friday May 22, 2026",Market Place,"Melodic Black Metal, Gothic Metal",Greece,07:40-08:40,1,https://www.metal-archives.com/bands/Rotting_Christ/314,
To Violently Vomit She Lay Gutted (Disgorge),"Friday May 22, 2026",Soundstage,Brutal Death Metal,United States,08:40-09:20,3,https://www.metal-archives.com/bands/Disgorge/326,
Wolfheart,"Friday May 22, 2026",Power Plant Live,Melodic Death Metal,Finland,08:45-09:35,1,https://www.metal-archives.com/bands/Wolfheart/3540371106,
Wayfarer,"Friday May 22, 2026",Nevermore Hall,Missing Info: Likely Black Metal ,,08:45-09:25,3,,Couldn't find information at the time
Withering Soul,"Friday May 22, 2026",Angels Rock Bar,Black/Gothic/Melodic Black,United States,09:10-09:40,2,https://www.metal-archives.com/bands/Withering_Soul/12506,
Old Man's Child,"Friday May 22, 2026",Market Place,Symphonic/Melodic Black Metal,Norway,09:40-10:40,1,https://www.metal-archives.com/bands/Old_Man%27s_Child/362,
Rottrevore,"Friday May 22, 2026",Soundstage,Death Metal,United States,10:40-11:20,3,https://www.metal-archives.com/bands/Rottrevore/9637,
Bone Weapon,"Friday May 22, 2026",Angels Rock Bar,Death/Doom,United States,10:40-11:10,3,https://www.metal-archives.com/bands/Bone_Weapon/3540520043,
Der Weg einer Freiheit,"Friday May 22, 2026",Nevermore Hall,Black Metal,Germany,10:45-11:35,2,https://www.metal-archives.com/bands/Der_Weg_einer_Freiheit/3540275159,
The Crown,"Friday May 22, 2026",Power Plant Live,Melodic Death/Thrash Metal,Sweden,11:10-12:00,3,https://www.metal-archives.com/bands/The_Crown/132,
Tithe,"Friday May 22, 2026",Angels Rock Bar,Death/Doom/Grindcore,United States,11:30-12:00,2,https://www.metal-archives.com/bands/Tithe/3540426059,
Lividity,"Friday May 22, 2026",Soundstage,Brutal Death Metal,United States,12:00-12:50,3,https://www.metal-archives.com/bands/Lividity/1173,
Oranssi Pazuzu,"Friday May 22, 2026",Nevermore Hall,Psychedlic Black Metal,Finland,12:15-01:15,0,https://www.metal-archives.com/bands/Oranssi_Pazuzu/3540279710,
Dead Void,"Saturday May 23, 2026",Soundstage,Death/Doom,Denmark,02:00-02:35,2,https://www.metal-archives.com/bands/Dead_Void/3540425292,slow death
Torture Rack,"Saturday May 23, 2026",Market Place,,,02:25-03:05,,,Couldn't find information at the time
Gestation,"Saturday May 23, 2026",Soundstage,Goregrind,United States,03:05-03:35,2,https://www.metal-archives.com/bands/Gestation/3540533138,
Warbringer,"Saturday May 23, 2026",Market Place,Thrash Metal,United States,03:30-04:15,3,https://www.metal-archives.com/bands/Warbringer/53989,
Mellow Harsher,"Saturday May 23, 2026",Soundstage,,,04:15-04:50,,,Couldn't find information at the time
Whiplash,"Saturday May 23, 2026",Market Place,Speed/Thrash,United States,04:40-05:30,3,https://www.metal-archives.com/bands/Whiplash/310,
Laceration,"Saturday May 23, 2026",Power Plant Live,Death/Thrash,United States,05:35-06:10,3,https://www.metal-archives.com/bands/Laceration/116152,
Poltergeist,"Saturday May 23, 2026",Nevermore Hall,Black Metal/Noise,United States,05:35-06:10,1,https://www.metal-archives.com/bands/Poltergeist/3540530326,
Terror Corpse,"Saturday May 23, 2026",Soundstage,Death Metal/Grindcore,United States,05:35-06:10,3,https://www.metal-archives.com/bands/Terror_Corpse/3540560360,
Pig Destroyer Prowler in the Yard,"Saturday May 23, 2026",Market Place,Grindcore,United States,06:15-07:00,1,https://www.metal-archives.com/bands/Pig_Destroyer/799,
Sardonic Witchery,"Saturday May 23, 2026",Nevermore Hall,Black Metal,Portugal,06:35-07:15,2,https://www.metal-archives.com/bands/Sardonic_Witchery/3540357052,
Macabre,"Saturday May 23, 2026",Power Plant Live,,,07:05-07:50,,,Couldn't find information at the time
Ossuary,"Saturday May 23, 2026",Soundstage,Death Metal,United States,07:15-07:55,3,https://www.metal-archives.com/bands/Ossuary/3540400806,
Destruction Infernal Overkill,"Saturday May 23, 2026",Market Place,Thrash,Germany,07:55-08:45,3,https://www.metal-archives.com/bands/Destruction/155,
Soil of Ignorance,"Saturday May 23, 2026",Soundstage,Grindcore,Canada,08:15-08:50,2,https://www.metal-archives.com/bands/Soil_of_Ignorance/3540339875,
Mortician,"Saturday May 23, 2026",Power Plant Live,Brutal Death,United States,08:50-09:35,1,https://www.metal-archives.com/bands/Mortician/350,
Hellbutcher,"Saturday May 23, 2026",Nevermore Hall,Black Metal,Sweden,08:50-09:40,2,https://www.metal-archives.com/bands/Hellbutcher/3540518618,
Desolus,"Saturday May 23, 2026",Angels Rock Bar,Black/Thrash,United States,09:15-09:45,2,https://www.metal-archives.com/bands/Desolus/3540544099,
Kreator Deep Cuts,"Saturday May 23, 2026",Market Place,Thrash,Germany,09:45-10:45,3,https://www.metal-archives.com/bands/Kreator/157,
Atavistic Decay,"Saturday May 23, 2026",Angels Rock Bar,Death/Doom,United States,10:40-11:10,3,https://www.metal-archives.com/bands/Atavistic_Decay/3540536982,
Miasmatic Necrosis,"Saturday May 23, 2026",Soundstage,Goregrind,United States,10:45-11:15,0,https://www.metal-archives.com/bands/Miasmatic_Necrosis/3540476223,AxBx's Pal
Havukruunu,"Saturday May 23, 2026",Nevermore Hall,Pagan Black Metal,Finland,10:55-11:45,0,https://www.metal-archives.com/bands/Havukruunu/3540390272,
Sinister,"Saturday May 23, 2026",Power Plant Live,Death Metal,Netherlands,11:15-12:00,2,https://www.metal-archives.com/bands/Sinister/998,Lovecraftian Themes
Shitstorm,"Saturday May 23, 2026",Soundstage,,,11:40-12:15,,,
Glorious Depravity,"Saturday May 23, 2026",Angels Rock Bar,,,11:45-12:15,,,Couldn't find information at the time
1914,"Saturday May 23, 2026",Nevermore Hall,Blackened Death/Doom,Ukraine,12:10-01:00,1,https://www.metal-archives.com/bands/1914/3540396156,
Rotten Sound Murderworks/Exit,"Saturday May 23, 2026",Soundstage,Grindcore,Finland,12:45-01:30,2,https://www.metal-archives.com/bands/Rotten_Sound/2927,
Aisle19,"Sunday May 24, 2026",Soundstage,,,03:05-03:30,,,
Caveman Cult,"Sunday May 24, 2026",Market Place,,,03:30-04:10,,,
Aberration,"Sunday May 24, 2026",Nevermore Hall,Black/Death,United States,04:05-04:40,2,https://www.metal-archives.com/bands/Aberration/3540480783,pretty sick brutal sludge
Hemorrhoid,"Sunday May 24, 2026",Soundstage,Death/Grindcore,United States,04:15-04:50,2,https://www.metal-archives.com/bands/Hemorrhoid/3540519094,
Cancer Death Shall Rise,"Sunday May 24, 2026",Market Place,Death/Thrash,United Kingdom,04:40-05:30,3,https://www.metal-archives.com/bands/Cancer/695,
Unmerciful,"Sunday May 24, 2026",Power Plant Live,Brutal Death Metal,United States,05:35-06:15,3,https://www.metal-archives.com/bands/Unmerciful/18384,
Wrathprayer,"Sunday May 24, 2026",Nevermore Hall,Black/Death,Chile,05:35-06:15,2,https://www.metal-archives.com/bands/Wrathprayer/3540281226,"Blackened Death, pretty good"
Excrescence,"Sunday May 24, 2026",Soundstage,Brutal Death Metal,United States,05:40-06:15,2,https://www.metal-archives.com/bands/Excrescence/3540470539,PING PING PING PING 🤮
Death Angel Act III,"Sunday May 24, 2026",Market Place,Thrash ,United States,06:15-07:05,0,https://www.metal-archives.com/bands/Death_Angel/179,Will fucking Carroll
Blood Red Throne,"Sunday May 24, 2026",Power Plant Live,Death Metal,Norway,07:05-07:50,2,https://www.metal-archives.com/bands/Blood_Red_Throne/808,"Probably worth seeing if no conflicts, riffs riffs riffs."
Woe,"Sunday May 24, 2026",Nevermore Hall,,,07:05-07:50,,,
Aftermath,"Sunday May 24, 2026",Soundstage,,,07:15-07:50,,,Couldn't find information at the time
Grave Old School Grave & Corpse,"Sunday May 24, 2026",Market Place,Death Metal,Sweden,07:55-08:45,3,https://www.metal-archives.com/bands/Grave/1020,
Houkago Grind Time,"Sunday May 24, 2026",Soundstage,Goregrind,United States,08:40-09:25,1,https://www.metal-archives.com/bands/Houkago_Grind_Time/3540457667,weeb time
Vio-lence,"Sunday May 24, 2026",Power Plant Live,,,08:50-09:40,,,
Antichrist Siege Machine,"Sunday May 24, 2026",Nevermore Hall,Black/Death,United States,08:50-09:35,2,https://www.metal-archives.com/bands/Antichrist_Siege_Machine/3540426608,
Tómarúm,"Sunday May 24, 2026",Angels Rock Bar,Progressive Black Metal,United States,09:20-09:50,1,https://www.metal-archives.com/bands/T%C3%B3mar%C3%BAm/3540449681,new band check it out
"Sarcófago performed by Gerald ""Incubus"" Minelli & the Laws","Sunday May 24, 2026",Market Place,Black/Thrash/Death,Brazil,09:45-10:45,1,https://www.metal-archives.com/bands/Sarc%C3%B3fago/2061,
Sex Prisoner,"Sunday May 24, 2026",Soundstage,,,10:35-11:10,,,
...And Oceans,"Sunday May 24, 2026",Nevermore Hall,Symphonic Black Metal,Finland,10:50-11:40,1,https://www.metal-archives.com/bands/...and_Oceans/231,
Gudsforladt,"Sunday May 24, 2026",Angels Rock Bar,Black Metal,United States,10:50-11:20,1,https://www.metal-archives.com/bands/Gudsforladt/3540407963,"new band check it out, RAW black metal"
Dying Fetus Old school set - First 3 Albums,"Sunday May 24, 2026",Power Plant Live,Brutal Death/Grindcore,United States,11:10-12:00,2,https://www.metal-archives.com/bands/Dying_Fetus/45,
!T.O.O.H.!,"Sunday May 24, 2026",Soundstage,Progressive Death/Grindcore,Czechia,11:35-12:20,2,https://www.metal-archives.com/bands/%21T.O.O.H.%21/16265,
Cemetery Moon,"Sunday May 24, 2026",Angels Rock Bar,Black Metal,United States,11:45-12:20,1,https://www.metal-archives.com/bands/Cemetery_Moon/3540524448,new band check it out
Batushka,"Sunday May 24, 2026",Nevermore Hall,Black Metal,Poland,12:20-01:20,0,https://www.metal-archives.com/bands/%D0%91%D0%B0%D1%82%D1%8E%D1%88%D0%BA%D0%B0/3540404077,WHICH GOD DAMN BATUSHKA WHY DID THEY DO THIS TO US
Cephalic Carnage Old school set - First 3 albums,"Sunday May 24, 2026",Soundstage,Technical Grindcore/Death,United States,12:45-01:30,2,https://www.metal-archives.com/bands/Cephalic_Carnage/910,
