band,day,stage
Napalm Death,Official Pre-Fest,Nevermore Hall
Repulsion,Official Pre-Fest,Nevermore Hall
Monstrosity,Official Pre-Fest,Nevermore Hall
Primitive Man,Official Pre-Fest,Nevermore Hall
Organ Dealer,Official Pre-Fest,Nevermore Hall
Solitude Aeturnus,"Thursday May 21, 2026",Power Plant Live
Novembers Doom,"Thursday May 21, 2026",Power Plant Live
Bongripper,"Thursday May 21, 2026",Power Plant Live
Bongzilla,"Thursday May 21, 2026",Nevermore Hall
Rwake,"Thursday May 21, 2026",Nevermore Hall
Avernus,"Thursday May 21, 2026",Nevermore Hall
Lair of the Minotaur,"Thursday May 21, 2026",Nevermore Hall
Black Lung,"Thursday May 21, 2026",Nevermore Hall
Torsofuck,"Thursday May 21, 2026",Soundstage
Putridity,"Thursday May 21, 2026",Soundstage
Cephalotripsy,"Thursday May 21, 2026",Soundstage
Condemned,"Thursday May 21, 2026",Soundstage
Emasculator,"Thursday May 21, 2026",Soundstage
Cerebral Hemorrhage,"Thursday May 21, 2026",Soundstage
Old Man's Child,"Friday May 22, 2026",Market Place
Rotting Christ 1989-1995,"Friday May 22, 2026",Market Place
God Dethroned 35th Anniversary,"Friday May 22, 2026",Market Place
Necrofier,"Friday May 22, 2026",Market Place
Witch Vomit,"Friday May 22, 2026",Market Place
The Crown,"Friday May 22, 2026",Power Plant Live
Wolfheart,"Friday May 22, 2026",Power Plant Live
Left Cross,"Friday May 22, 2026",Power Plant Live
Oranssi Pazuzu,"Friday May 22, 2026",Nevermore Hall
Der Weg einer Freiheit,"Friday May 22, 2026",Nevermore Hall
Wayfarer,"Friday May 22, 2026",Nevermore Hall
Pan-Amerikan Native Front,"Friday May 22, 2026",Nevermore Hall
Lömsk,"Friday May 22, 2026",Nevermore Hall
Lividity,"Friday May 22, 2026",Soundstage
Rottrevore,"Friday May 22, 2026",Soundstage
To Violently Vomit She Lay Gutted (Disgorge),"Friday May 22, 2026",Soundstage
Diabolic Oath,"Friday May 22, 2026",Soundstage
Melting Rot,"Friday May 22, 2026",Soundstage
Ordh,"Friday May 22, 2026",Soundstage
Tithe,"Friday May 22, 2026",Angels Rock Bar
Bone Weapon,"Friday May 22, 2026",Angels Rock Bar
Withering Soul,"Friday May 22, 2026",Angels Rock Bar
Kreator Deep Cuts,"Saturday May 23, 2026",Market Place
Destruction Infernal Overkill,"Saturday May 23, 2026",Market Place
Pig Destroyer Prowler in the Yard,"Saturday May 23, 2026",Market Place
Whiplash,"Saturday May 23, 2026",Market Place
Warbringer,"Saturday May 23, 2026",Market Place
Torture Rack,"Saturday May 23, 2026",Market Place
Sinister Tribute,"Saturday May 23, 2026",Power Plant Live
Mortician,"Saturday May 23, 2026",Power Plant Live
Macabre,"Saturday May 23, 2026",Power Plant Live
Morta Skuld,"Saturday May 23, 2026",Power Plant Live
Laceration,"Saturday May 23, 2026",Power Plant Live
1914,"Saturday May 23, 2026",Nevermore Hall
Havukruunu,"Saturday May 23, 2026",Nevermore Hall
Hellbutcher,"Saturday May 23, 2026",Nevermore Hall
Sardonic Witchery,"Saturday May 23, 2026",Nevermore Hall
Poltergeist,"Saturday May 23, 2026",Nevermore Hall
Rotten Sound Murderworks/Exit,"Saturday May 23, 2026",Soundstage
Shitstorm,"Saturday May 23, 2026",Soundstage
Miasmatic Necrosis,"Saturday May 23, 2026",Soundstage
Jarhead Fertilizer,"Saturday May 23, 2026",Soundstage
Ossuary,"Saturday May 23, 2026",Soundstage
Terror Corpse,"Saturday May 23, 2026",Soundstage
Mellow Harsher,"Saturday May 23, 2026",Soundstage
Gestation,"Saturday May 23, 2026",Soundstage
Dead Void,"Saturday May 23, 2026",Soundstage
Glorious Depravity,"Saturday May 23, 2026",Angels Rock Bar
Atavistic Decay,"Saturday May 23, 2026",Angels Rock Bar
Desolus,"Saturday May 23, 2026",Angels Rock Bar
"Sarcófago performed by Gerald ""Incubus"" Minelli & the Laws","Sunday May 24, 2026",Market Place
Grave Old School Grave & Corpse,"Sunday May 24, 2026",Market Place
Death Angel Act III,"Sunday May 24, 2026",Market Place
Cancer Death Shall Rise,"Sunday May 24, 2026",Market Place
Caveman Cult,"Sunday May 24, 2026",Market Place
Dying Fetus Old school set - First 3 Albums,"Sunday May 24, 2026",Power Plant Live
Vio-Lence,"Sunday May 24, 2026",Power Plant Live
Blood Red Throne,"Sunday May 24, 2026",Power Plant Live
Unmerciful,"Sunday May 24, 2026",Power Plant Live
Batushka,"Sunday May 24, 2026",Nevermore Hall
...And Oceans,"Sunday May 24, 2026",Nevermore Hall
Antichrist Siege Machine,"Sunday May 24, 2026",Nevermore Hall
Woe,"Sunday May 24, 2026",Nevermore Hall
Wrathprayer,"Sunday May 24, 2026",Nevermore Hall
Aberration,"Sunday May 24, 2026",Nevermore Hall
Cephalic Carnage Old school set - First 3 albums,"Sunday May 24, 2026",Soundstage
Kontusion,"Sunday May 24, 2026",Soundstage
Sex Prisoner,"Sunday May 24, 2026",Soundstage
Houkago Grind Time,"Sunday May 24, 2026",Soundstage
Aftermath,"Sunday May 24, 2026",Soundstage
Excrescence,"Sunday May 24, 2026",Soundstage
Hemorrhoid,"Sunday May 24, 2026",Soundstage
Aisle19,"Sunday May 24, 2026",Soundstage
Cemetery Moon,"Sunday May 24, 2026",Angels Rock Bar
Gudsforladt,"Sunday May 24, 2026",Angels Rock Bar
Tómarúm,"Sunday May 24, 2026",Angels Rock Bar
